mean_fit_time,std_fit_time,mean_score_time,std_score_time,param_algorithm,param_n_neighbors,param_p,param_weights,params,split0_test_neg_mean_squared_error,split1_test_neg_mean_squared_error,split2_test_neg_mean_squared_error,split3_test_neg_mean_squared_error,split4_test_neg_mean_squared_error,mean_test_neg_mean_squared_error,std_test_neg_mean_squared_error,rank_test_neg_mean_squared_error,split0_test_neg_root_mean_squared_error,split1_test_neg_root_mean_squared_error,split2_test_neg_root_mean_squared_error,split3_test_neg_root_mean_squared_error,split4_test_neg_root_mean_squared_error,mean_test_neg_root_mean_squared_error,std_test_neg_root_mean_squared_error,rank_test_neg_root_mean_squared_error,split0_test_neg_mean_absolute_error,split1_test_neg_mean_absolute_error,split2_test_neg_mean_absolute_error,split3_test_neg_mean_absolute_error,split4_test_neg_mean_absolute_error,mean_test_neg_mean_absolute_error,std_test_neg_mean_absolute_error,rank_test_neg_mean_absolute_error,split0_test_neg_mean_absolute_percentage_error,split1_test_neg_mean_absolute_percentage_error,split2_test_neg_mean_absolute_percentage_error,split3_test_neg_mean_absolute_percentage_error,split4_test_neg_mean_absolute_percentage_error,mean_test_neg_mean_absolute_percentage_error,std_test_neg_mean_absolute_percentage_error,rank_test_neg_mean_absolute_percentage_error
0.03619790077209473,0.002785643895142733,8.969411993026734,0.5117074157714676,auto,3,1,uniform,"{'algorithm': 'auto', 'n_neighbors': 3, 'p': 1, 'weights': 'uniform'}",-31983376.46400435,-29711923.442769177,-31768984.70424703,-29625590.73865797,-33518558.01987684,-31321686.673911072,1478663.7007041227,17,-5655.384731740569,-5450.864467473868,-5636.398203129995,-5442.939531049189,-5789.521398170737,-5595.021666312871,131.98192073390783,17,-4156.880195599022,-3968.3568323825043,-4073.359141537626,-3990.6210268948657,-4170.65050258082,-4071.973539798967,82.82856570872059,9,-0.16323803776907206,-0.1637930337431362,-0.15665732292528686,-0.15788735730725734,-0.16958190424536568,-0.16223153119802364,0.004635147770505525,9
0.041614723205566403,0.01017155326779136,9.214550256729126,0.8991809180313254,auto,3,1,distance,"{'algorithm': 'auto', 'n_neighbors': 3, 'p': 1, 'weights': 'distance'}",-30277569.688457422,-27986227.537643146,-30226685.372195438,-28035429.586025726,-31585389.874688625,-29622260.411802072,1403087.5028901857,5,-5502.50576450924,-5290.20108669256,-5497.8800798303555,-5294.849344979111,-5620.088066453107,-5441.1048684928755,128.9892315862233,5,-4017.3240778984423,-3811.9458470776613,-3930.3214906436265,-3861.6110516404074,-4023.308469422765,-3928.9021873365805,83.59410711262892,1,-0.1571056155660834,-0.1569793893199713,-0.15044973549630505,-0.15223080262182367,-0.16290777004165988,-0.15593466260916866,0.004356370421162958,1
0.038991117477416994,0.0025928582288421266,0.7374238014221192,0.09823468836771859,auto,3,2,uniform,"{'algorithm': 'auto', 'n_neighbors': 3, 'p': 2, 'weights': 'uniform'}",-33878579.15575478,-31090425.404826585,-32496786.328715026,-31101471.73594132,-35776458.93090645,-32868744.311228834,1783176.600995678,45,-5820.530831097348,-5575.878890796193,-5700.595260910481,-5576.869349011264,-5981.342569265403,-5731.043380216137,154.55123846032532,45,-4303.59739201304,-4102.229421352893,-4146.23743547949,-4116.804672643304,-4308.094539527302,-4195.392692203206,91.30353177029995,21,-0.17156212015293368,-0.16935412643146847,-0.16230429522480563,-0.1637835659174281,-0.17706166610488153,-0.16881315476630346,0.005358160446678169,17
0.04726762771606445,0.0052374858146312375,0.8487412929534912,0.07353291487325776,auto,3,2,distance,"{'algorithm': 'auto', 'n_neighbors': 3, 'p': 2, 'weights': 'distance'}",-32758329.167333998,-30143256.81058917,-31736983.040460333,-30180748.757175002,-34741679.27643578,-31912199.410398852,1725089.6753586254,27,-5723.489247594862,-5490.287497990353,-5633.558648000421,-5493.700825233843,-5894.207264461929,-5647.048696656281,151.79073750215576,27,-4217.800897052792,-4018.3776521547024,-4077.631261658365,-4043.8878499679345,-4226.145563579378,-4116.768644882634,87.97153949454129,15,-0.167665235485146,-0.1656234835744849,-0.15906243686183957,-0.16082287289153954,-0.1733943017752562,-0.16531366611765325,0.005102305929402149,15
0.04896864891052246,0.012148871322425595,9.654542398452758,0.8625781337592072,auto,5,1,uniform,"{'algorithm': 'auto', 'n_neighbors': 5, 'p': 1, 'weights': 'uniform'}",-31802177.38203749,-30505753.540456396,-31830171.74400978,-29897169.488590058,-34550167.90790546,-31717088.012599837,1601611.9668460756,21,-5639.341928100964,-5523.201385107771,-5641.823441407023,-5467.830418784955,-5877.939086780796,-5630.027252036302,141.00054584436063,21,-4246.866992665037,-4120.263977180114,-4225.53977180114,-4121.281418092909,-4301.188101059494,-4203.02805215974,71.54918548010404,29,-0.16985680947719162,-0.17110406760155314,-0.16507860072199018,-0.16476907223083462,-0.1784264311576674,-0.1698469962378474,0.004974131809133857,25
0.04056925773620605,0.007405379662836833,10.846229934692383,0.06882623723445476,auto,5,1,distance,"{'algorithm': 'auto', 'n_neighbors': 5, 'p': 1, 'weights': 'distance'}",-29710474.614160813,-28027573.552810743,-29772741.38441351,-27770712.799570333,-32017648.206067026,-29459830.11140449,1523656.501951396,1,-5450.7315668780475,-5294.107436840581,-5456.440358366754,-5269.79248164198,-5658.413930251747,-5425.897154795822,139.53557604815774,1,-4069.803633009534,-3927.1685157358106,-4040.776880533222,-3935.5323896194036,-4106.449651624303,-4015.9462141044546,72.1885290960685,5,-0.16173492169358297,-0.16266596261255148,-0.15712279367053025,-0.1569051777910444,-0.16917649624219264,-0.16152107040198035,0.00448583009365814,5
0.04473190307617188,0.009715283781314405,0.7872682094573975,0.15282072199268495,auto,5,2,uniform,"{'algorithm': 'auto', 'n_neighbors': 5, 'p': 2, 'weights': 'uniform'}",-32909703.350546043,-31113403.943895683,-32598804.18467808,-30583616.788541164,-35114422.77600652,-32463990.2087335,1587546.2364725152,33,-5736.697948345027,-5577.93904089097,-5709.536249528334,-5530.245635461518,-5925.742381846052,-5696.03225121438,138.58860652714625,33,-4346.729095354523,-4206.028035859821,-4263.912469437653,-4176.824042379788,-4354.563162184189,-4269.611361043195,71.90098271103497,33,-0.17446875101847048,-0.17413663024222117,-0.16888001545985434,-0.1684931401950847,-0.1809624605104328,-0.17338819948521267,0.004547141936482626,33
0.05420246124267578,0.008847220543308807,1.0620043277740479,0.13510842169889412,auto,5,2,distance,"{'algorithm': 'auto', 'n_neighbors': 5, 'p': 2, 'weights': 'distance'}",-31735252.310439285,-29908327.316866823,-31515415.77433157,-29429960.77799713,-33911827.5133271,-31300156.73859238,1580587.9232057477,15,-5633.405036959378,-5468.850639473236,-5613.859258507606,-5424.938781036808,-5823.386258297409,-5592.887994854887,140.57245676325928,15,-4251.555681593973,-4109.749320766659,-4173.516890310975,-4085.435611845532,-4258.054467288065,-4175.662394361041,70.76475601543537,19,-0.1701935487251922,-0.16993491774290878,-0.16486188449268602,-0.1647052453044636,-0.1766383226237092,-0.16926678377779197,0.004378484947456626,23
0.052445173263549805,0.010935186689356455,10.657456970214843,0.678278408665088,auto,10,1,uniform,"{'algorithm': 'auto', 'n_neighbors': 10, 'p': 1, 'weights': 'uniform'}",-32813928.650819078,-32912339.692620214,-31995082.73811329,-30930349.09182967,-34558782.34736756,-32642096.504149966,1193729.3081901292,41,-5728.344320204494,-5736.927722450425,-5656.419604141235,-5561.506009331435,-5878.671818307905,-5712.373894887099,104.31197995610069,41,-4424.895802770987,-4406.56369193154,-4360.373308883456,-4308.205582722087,-4411.559983700081,-4382.31967400163,42.96518666484457,41,-0.17980331874845865,-0.1852257243520656,-0.17322185099420925,-0.17399578212724348,-0.18585695710523634,-0.17962072666544265,0.005346503903444895,41
0.04171977043151855,0.00463546298280954,10.835158348083496,0.4847347315696958,auto,10,1,distance,"{'algorithm': 'auto', 'n_neighbors': 10, 'p': 1, 'weights': 'distance'}",-30676277.365850367,-30346074.487117402,-29966982.61558079,-28672551.448738366,-32245863.474123463,-30381549.87828208,1153804.9771458043,9,-5538.6169181349205,-5508.72712040789,-5474.210684252186,-5354.675662328986,-5678.544133325325,-5510.9549036898625,104.52716287523836,9,-4253.785196415775,-4207.4973192525085,-4190.278055652652,-4122.08620219413,-4227.841069607571,-4200.297568624527,44.47204888769244,25,-0.171911699058471,-0.17652997525059838,-0.16570457334748806,-0.16614527392583944,-0.17733425152183924,-0.17152515462084722,0.004934886738227179,29
0.040968465805053714,0.001935774903647808,0.7813796043395996,0.027432248826926107,auto,10,2,uniform,"{'algorithm': 'auto', 'n_neighbors': 10, 'p': 2, 'weights': 'uniform'}",-33222323.26370416,-32788465.777722087,-33083334.680472698,-32146975.000448246,-35927785.63368378,-33433776.871206194,1300760.3565950568,49,-5763.8809203265255,-5726.121355483316,-5751.811426018128,-5669.83024441193,-5993.9791152191865,-5781.124612291817,111.24337445429545,49,-4449.320089649552,-4405.467440912796,-4398.725672371638,-4350.095273023634,-4513.823064384678,-4423.486308068459,55.04929879871393,45,-0.18210175051603808,-0.18521170823912034,-0.17622491862723216,-0.1764678314511862,-0.1903906429997757,-0.1820793703666705,0.005378722308680384,45
0.0437049388885498,0.004020142482205511,0.8460412502288819,0.05569121348611458,auto,10,2,distance,"{'algorithm': 'auto', 'n_neighbors': 10, 'p': 2, 'weights': 'distance'}",-32127752.54989629,-31569473.460175667,-32022893.91237998,-30966392.266153846,-34797540.98521596,-32296810.63476435,1315773.209455625,31,-5668.134838718667,-5618.6718590940745,-5658.87744277785,-5564.745480806274,-5898.944056796603,-5681.874735638694,114.49944661470488,31,-4366.529217558823,-4316.361533633829,-4313.897602416641,-4263.874121444738,-4422.310704696477,-4336.594635950101,53.770122945567245,39,-0.17823663953424965,-0.1812566129882405,-0.17251614486072683,-0.1728299393285594,-0.18630918717364936,-0.17822970477708516,0.005220009406560809,39
0.04551463127136231,0.011325047333571939,11.849689531326295,0.8936151661169088,auto,20,1,uniform,"{'algorithm': 'auto', 'n_neighbors': 20, 'p': 1, 'weights': 'uniform'}",-35069851.78263957,-34335425.124135084,-34271102.43533007,-33079093.670741647,-36422004.69015994,-34635495.54060127,1097769.7078134723,61,-5921.980393638565,-5859.643771095226,-5854.152580462015,-5751.442746888962,-6035.064597016335,-5884.456817820221,93.07792332441224,61,-4647.747860635697,-4557.00511409943,-4582.216951915239,-4513.927180114099,-4669.37858598207,-4594.055138549307,57.42798418143613,57,-0.19116360885248776,-0.1928529033677705,-0.1849540269462918,-0.18351913227984884,-0.19905246522907044,-0.19030842733509384,0.005628996771550587,57
0.04859991073608398,0.011174449494468915,11.614877080917358,1.0512679018245565,auto,20,1,distance,"{'algorithm': 'auto', 'n_neighbors': 20, 'p': 1, 'weights': 'distance'}",-33059675.94266881,-32231783.7066918,-32391219.94657224,-31039302.316083625,-34380155.95907699,-32620427.574218698,1094816.9154623388,37,-5749.754424553174,-5677.304264058058,-5691.328486967893,-5571.292697039316,-5863.459384960127,-5710.627851515714,95.69281954105624,37,-4496.160942361047,-4400.483938951416,-4432.424416027381,-4358.662365642747,-4509.283364223629,-4439.403005441244,56.898459221080344,49,-0.18420462376262076,-0.18595547534920928,-0.17824367673373864,-0.17693802180063012,-0.19160820579876667,-0.18339000068899308,0.0053459676025751175,49
0.0418795108795166,0.0038606154344877396,0.7422881603240967,0.04172700129371123,auto,20,2,uniform,"{'algorithm': 'auto', 'n_neighbors': 20, 'p': 2, 'weights': 'uniform'}",-35299496.997560106,-35235216.939499795,-34954871.583042994,-33923692.160809904,-36957330.15505604,-35274121.56719376,975800.0580838394,65,-5941.337980418224,-5935.925954684728,-5912.264505504046,-5824.4048761062195,-6079.254078836978,-5938.637479110039,81.89297224626954,65,-4671.769824775876,-4593.435717196414,-4628.4463528932365,-4571.135635696822,-4678.357885085575,-4628.629083129584,42.13829666115937,65,-0.192388901726998,-0.19588999344198274,-0.18734561783070247,-0.18645085372483344,-0.20008512500606046,-0.1924320983461154,0.005141503530156254,65
0.04912943840026855,0.013314676980930706,0.8187653541564941,0.05654938966135748,auto,20,2,distance,"{'algorithm': 'auto', 'n_neighbors': 20, 'p': 2, 'weights': 'distance'}",-34344516.92104264,-34175461.71334273,-34015801.32884383,-32913098.68106002,-36041754.82817737,-34298126.694493316,1005529.5151688592,55,-5860.4195174955385,-5845.978251186258,-5832.306690225046,-5736.99387145045,-6003.4785606494315,-5855.8353782013455,85.54950554406291,55,-4599.082925973655,-4516.622123187904,-4555.463713001564,-4494.733152154719,-4607.973872734731,-4554.775157410515,44.39471182814997,55,-0.18911262468783577,-0.1924125412882522,-0.18416584176889,-0.18322003184482563,-0.19682576410317715,-0.18914736073859614,0.0050905647605104165,55
0.0437100887298584,0.0035226740765487196,10.357827186584473,0.484544118013465,auto,30,1,uniform,"{'algorithm': 'auto', 'n_neighbors': 30, 'p': 1, 'weights': 'uniform'}",-36353621.462846145,-35926395.90862446,-36035797.82719958,-34772220.383611344,-37828239.2889147,-36183254.974239245,981196.916191501,73,-6029.396442667055,-5993.863187346243,-6002.982411035333,-5896.79746842397,-6150.466591155073,-6014.701220125535,81.3892306122139,73,-4776.3123336049985,-4700.709481119261,-4747.459508285791,-4660.387856560717,-4809.201100244499,-4738.814055963054,52.986466293529,73,-0.19674555186189863,-0.199512220805012,-0.192098788800036,-0.1900751678546739,-0.20636543196930698,-0.19695943225818552,0.005762885665342496,73
0.04072165489196777,0.005588634049805822,10.326484203338623,0.41755617304462145,auto,30,1,distance,"{'algorithm': 'auto', 'n_neighbors': 30, 'p': 1, 'weights': 'distance'}",-34565024.89034728,-33985688.75524415,-34256500.05644363,-32856862.59022364,-35966145.618052594,-34326044.382062264,1002618.2973634407,57,-5879.202742748993,-5829.724586568747,-5852.9052663137845,-5732.090595081662,-5997.1781379289205,-5858.2202657284215,85.43828340435878,57,-4645.070577052814,-4561.702860934791,-4610.469555777877,-4520.746572975872,-4669.334808212557,-4601.464874990782,54.19470713250018,61,-0.19082097626068462,-0.19337013417874838,-0.1860279324101211,-0.18414655916789402,-0.1998243746774972,-0.19083799533898907,0.005569184029638789,61
0.04555659294128418,0.005088847608232998,0.798627519607544,0.05146286036183649,auto,30,2,uniform,"{'algorithm': 'auto', 'n_neighbors': 30, 'p': 2, 'weights': 'uniform'}",-37007669.899698906,-36217352.258112825,-36437746.815693654,-35343614.19825228,-37953012.19780812,-36591879.07391316,865766.4442975002,77,-6083.392959500389,-6018.0854312740385,-6036.368677913374,-5945.04955389375,-6160.601610054664,-6048.699646527243,71.49587410725505,77,-4811.978117359414,-4721.260690029883,-4777.404659060039,-4693.873757131214,-4815.142637870144,-4763.931972290139,48.66511986002589,77,-0.19919860372014472,-0.20165916117844015,-0.19510486454670306,-0.19263519991089192,-0.2069223534450145,-0.1991040365602389,0.005010048064895604,77
0.048430776596069335,0.0047705126023172405,0.8774835109710694,0.03320184217924268,auto,30,2,distance,"{'algorithm': 'auto', 'n_neighbors': 30, 'p': 2, 'weights': 'distance'}",-36116975.63958516,-35295686.576649345,-35581089.47563628,-34427946.88274398,-37126587.09535596,-35709657.13399415,894905.7284077964,71,-6009.7400642278335,-5941.017301493856,-5964.988640025753,-5867.533287740597,-6093.159040707535,-5975.2876668391145,74.79593915790599,71,-4747.403558333864,-4652.99308181744,-4710.585275001285,-4626.09816665497,-4748.834486345951,-4697.1829136307015,49.75018371213474,71,-0.196289456989177,-0.1986068322645889,-0.19212961399090733,-0.1897110122199652,-0.2038881505561684,-0.19612501320416137,0.004971023891549886,71
0.0496126651763916,0.00484677854305755,10.760559368133546,0.669543241015857,auto,50,1,uniform,"{'algorithm': 'auto', 'n_neighbors': 50, 'p': 1, 'weights': 'uniform'}",-39212619.29486634,-38253067.56714018,-38358117.6850396,-37248448.7250978,-39805579.6442652,-38575566.58328183,875362.7517545985,89,-6261.998027376433,-6184.906431559024,-6193.393067216031,-6103.150721151969,-6309.166319274298,-6210.522913315552,70.51047060077225,89,-5004.827147514263,-4904.692151589243,-4955.45597392013,-4881.526218418908,-5005.715639771801,-4950.4434262428695,50.755281554951345,89,-0.2061346939957438,-0.20852051749890604,-0.20100399911950956,-0.1991809003468006,-0.2145847167396246,-0.20588496554011693,0.005503862147214337,89
0.039588308334350585,0.0028015567647927415,11.025009870529175,0.4498223007925007,auto,50,1,distance,"{'algorithm': 'auto', 'n_neighbors': 50, 'p': 1, 'weights': 'distance'}",-37507134.715697944,-36527914.64773965,-36726016.16974198,-35516164.03565226,-38166145.057809874,-36888674.92532834,900534.7791863019,81,-6124.306876349187,-6043.83277794312,-6060.199350660173,-5959.543945274022,-6177.875448551053,-6073.1516797555105,74.1862521708366,81,-4885.1929819676425,-4782.213788292734,-4836.2644877370185,-4752.735887217909,-4883.634621348211,-4828.008353312703,53.283418702170295,81,-0.2009117919108501,-0.20317292353512856,-0.19578400554660313,-0.1937478042687396,-0.20903445374655516,-0.20053019580157533,0.005440205611925569,81
0.04533987045288086,0.007174291493511312,0.8378928184509278,0.043433786633094176,auto,50,2,uniform,"{'algorithm': 'auto', 'n_neighbors': 50, 'p': 2, 'weights': 'uniform'}",-39327993.10119348,-38425878.27659365,-38413352.27074132,-37619961.762882315,-39825905.27259054,-38722618.13680027,772434.1202977649,93,-6271.203481086663,-6198.86104672412,-6197.850617007586,-6133.511373013203,-6310.776915134185,-6222.440686593151,62.04867952188361,93,-5004.571719641402,-4910.334995925021,-4954.8369030154845,-4895.978818255909,-5012.5001548492255,-4955.644518337408,47.41315273332428,93,-0.20762189110276835,-0.2107168556095721,-0.203249254558971,-0.20256809029169712,-0.2157155066705831,-0.2079743196467183,0.004881090899525041,93
0.04719886779785156,0.0034175098785177264,0.9481601238250732,0.08134207250809905,auto,50,2,distance,"{'algorithm': 'auto', 'n_neighbors': 50, 'p': 2, 'weights': 'distance'}",-38497262.93189442,-37597276.4590137,-37633973.99491254,-36790188.224190116,-39067237.39645466,-37917187.80129309,788895.7601999504,87,-6204.616259841895,-6131.661802400203,-6134.653535034602,-6065.4915896562015,-6250.378980226292,-6157.360433431839,64.0335388774418,87,-4945.111662232617,-4851.4990817017315,-4897.7362032924875,-4834.629722545832,-4954.544046468301,-4896.704143248195,48.13842278601763,87,-0.20499375326836386,-0.2080683841976782,-0.20069768478849917,-0.19985872702868812,-0.21308233807431792,-0.20534017747150943,0.004880639501906021,87
0.047198247909545896,0.005481129648445028,10.724881887435913,0.5258231973960991,auto,100,1,uniform,"{'algorithm': 'auto', 'n_neighbors': 100, 'p': 1, 'weights': 'uniform'}",-43608346.931555666,-42414644.8309657,-42901042.63983554,-41228079.17860264,-43805417.737726,-42791506.263737105,926668.4586646884,109,-6603.661630607346,-6512.652672372887,-6549.888750187711,-6420.909528922101,-6618.566139106416,-6541.135744239292,71.059405937518,109,-5357.323317033415,-5261.05642216789,-5316.873390383048,-5219.198276283619,-5357.1063243683775,-5302.31154604727,54.49882722749052,109,-0.220968377992632,-0.223868704560163,-0.2161745767401371,-0.21418345240221456,-0.22914795492620268,-0.22086861332426988,0.005371840537119169,105
0.04257965087890625,0.004429719518871837,22.874290895462035,7.088215183937481,auto,100,1,distance,"{'algorithm': 'auto', 'n_neighbors': 100, 'p': 1, 'weights': 'distance'}",-42001772.30551291,-40814286.688485414,-41300330.20838366,-39650299.30534486,-42288088.32800926,-41210955.36714722,936652.3465511972,97,-6480.877433304298,-6388.606005106702,-6426.53329629464,-6296.8483628990825,-6502.92921136385,-6419.158861793715,73.1770059680077,97,-5248.646862698923,-5148.298385276741,-5206.02828839046,-5106.786509232154,-5248.904414319638,-5191.732891983583,56.23981810542663,97,-0.21633870956694867,-0.21903059514066592,-0.21142767446182908,-0.20936928792142437,-0.22438644232974522,-0.21611054188412265,0.005374812591761032,97
0.05810856819152832,0.01382620780680752,1.122516393661499,0.19253672320082416,auto,100,2,uniform,"{'algorithm': 'auto', 'n_neighbors': 100, 'p': 2, 'weights': 'uniform'}",-43046223.67089234,-42382601.309198245,-42643943.831021234,-40677874.937321074,-43571173.59852437,-42464363.46939145,979190.0110176164,105,-6560.962099486046,-6510.192110007065,-6530.233061003354,-6377.920894564393,-6600.846430460594,-6516.030919104291,75.52834347678379,105,-5302.3065851670735,-5248.646303993481,-5277.960696821517,-5168.076010594947,-5337.443822330889,-5266.886683781582,57.361613592441614,105,-0.22114046903852885,-0.22678287359291482,-0.21803018227067042,-0.21572559660486146,-0.23065592405575897,-0.2224670091125469,0.005524070921912798,109
0.045696687698364255,0.0021069309048052567,0.9974949836730957,0.0679846616388302,auto,100,2,distance,"{'algorithm': 'auto', 'n_neighbors': 100, 'p': 2, 'weights': 'distance'}",-42278268.808576055,-41598342.30608242,-41859189.33994811,-39943467.55612701,-42838913.94609737,-41703636.3913662,974939.5298109902,103,-6502.17416012337,-6449.677690092926,-6469.867799263607,-6320.08445799002,-6545.1443029239135,-6457.389682078767,75.86095931944458,103,-5248.869182220523,-5191.7462264675705,-5224.4073209773915,-5114.615042487524,-5283.1344412554945,-5212.5544426817005,57.38622692380247,103,-0.21880061258050837,-0.2242363730258157,-0.21562408133666777,-0.21331337299934408,-0.22819855521443205,-0.2200345990313536,0.005485532855231691,103
0.5973796367645263,0.18409590989614505,9.285048341751098,1.0214598752086756,ball_tree,3,1,uniform,"{'algorithm': 'ball_tree', 'n_neighbors': 3, 'p': 1, 'weights': 'uniform'}",-31983376.46400435,-29711923.442769177,-31768984.70424703,-29625590.73865797,-33518558.01987684,-31321686.673911072,1478663.7007041227,17,-5655.384731740569,-5450.864467473868,-5636.398203129995,-5442.939531049189,-5789.521398170737,-5595.021666312871,131.98192073390783,17,-4156.880195599022,-3968.3568323825043,-4073.359141537626,-3990.6210268948657,-4170.65050258082,-4071.973539798967,82.82856570872059,9,-0.16323803776907206,-0.1637930337431362,-0.15665732292528686,-0.15788735730725734,-0.16958190424536568,-0.16223153119802364,0.004635147770505525,9
1.434871292114258,0.9501737902388,13.009020376205445,1.070728884985287,ball_tree,3,1,distance,"{'algorithm': 'ball_tree', 'n_neighbors': 3, 'p': 1, 'weights': 'distance'}",-30277569.688457422,-27986227.537643146,-30226685.372195438,-28035429.586025726,-31585389.874688625,-29622260.411802072,1403087.5028901857,5,-5502.50576450924,-5290.20108669256,-5497.8800798303555,-5294.849344979111,-5620.088066453107,-5441.1048684928755,128.9892315862233,5,-4017.3240778984423,-3811.9458470776613,-3930.3214906436265,-3861.6110516404074,-4023.308469422765,-3928.9021873365805,83.59410711262892,1,-0.1571056155660834,-0.1569793893199713,-0.15044973549630505,-0.15223080262182367,-0.16290777004165988,-0.15593466260916866,0.004356370421162958,1
2.805242919921875,0.3457634311103371,15.51842279434204,1.2787625190585914,ball_tree,3,2,uniform,"{'algorithm': 'ball_tree', 'n_neighbors': 3, 'p': 2, 'weights': 'uniform'}",-33878579.15575478,-31090425.404826585,-32496786.328715026,-31101471.73594132,-35776458.93090645,-32868744.311228834,1783176.600995678,45,-5820.530831097348,-5575.878890796193,-5700.595260910481,-5576.869349011264,-5981.342569265403,-5731.043380216137,154.55123846032532,45,-4303.59739201304,-4102.229421352893,-4146.23743547949,-4116.804672643304,-4308.094539527302,-4195.392692203206,91.30353177029995,21,-0.17156212015293368,-0.16935412643146847,-0.16230429522480563,-0.1637835659174281,-0.17706166610488153,-0.16881315476630346,0.005358160446678169,17
3.421908807754517,1.3163681496964317,14.539864873886108,3.2303083865524505,ball_tree,3,2,distance,"{'algorithm': 'ball_tree', 'n_neighbors': 3, 'p': 2, 'weights': 'distance'}",-32758329.16732462,-30143256.810575627,-31736983.04044176,-30180748.757168483,-34741679.276406236,-31912199.41038335,1725089.675352478,25,-5723.489247594042,-5490.287497989119,-5633.558647998772,-5493.700825233249,-5894.207264459423,-5647.048696654921,151.790737501661,25,-4217.800897052337,-4018.3776521535415,-4077.6312616572177,-4043.8878499677226,-4226.145563576492,-4116.768644881462,87.97153949411613,13,-0.16766523548510268,-0.1656234835744,-0.15906243686175048,-0.16082287289156486,-0.17339430177508336,-0.16531366611758025,0.0051023059293597555,13
2.8472844123840333,0.47353427133435055,16.377288389205933,1.0192360891628243,ball_tree,5,1,uniform,"{'algorithm': 'ball_tree', 'n_neighbors': 5, 'p': 1, 'weights': 'uniform'}",-31802177.38203749,-30505753.540456396,-31830171.74400978,-29897169.488590058,-34550167.90790546,-31717088.012599837,1601611.9668460756,21,-5639.341928100964,-5523.201385107771,-5641.823441407023,-5467.830418784955,-5877.939086780796,-5630.027252036302,141.00054584436063,21,-4246.866992665037,-4120.263977180114,-4225.53977180114,-4121.281418092909,-4301.188101059494,-4203.02805215974,71.54918548010404,29,-0.16985680947719162,-0.17110406760155314,-0.16507860072199018,-0.16476907223083462,-0.1784264311576674,-0.1698469962378474,0.004974131809133857,25
3.8244096755981447,0.6658456620993717,15.064913558959962,1.0343615711685796,ball_tree,5,1,distance,"{'algorithm': 'ball_tree', 'n_neighbors': 5, 'p': 1, 'weights': 'distance'}",-29710474.614160813,-28027573.552810743,-29772741.38441351,-27770712.799570333,-32017648.206067026,-29459830.11140449,1523656.501951396,1,-5450.7315668780475,-5294.107436840581,-5456.440358366754,-5269.79248164198,-5658.413930251747,-5425.897154795822,139.53557604815774,1,-4069.803633009534,-3927.1685157358106,-4040.776880533222,-3935.5323896194036,-4106.449651624303,-4015.9462141044546,72.1885290960685,5,-0.16173492169358297,-0.16266596261255148,-0.15712279367053025,-0.1569051777910444,-0.16917649624219264,-0.16152107040198035,0.00448583009365814,5
3.039651346206665,0.7698248298925654,16.129834127426147,0.7521300668303702,ball_tree,5,2,uniform,"{'algorithm': 'ball_tree', 'n_neighbors': 5, 'p': 2, 'weights': 'uniform'}",-32909703.350546043,-31113403.943895683,-32598804.18467808,-30583616.788541164,-35114422.77600652,-32463990.2087335,1587546.2364725152,33,-5736.697948345027,-5577.93904089097,-5709.536249528334,-5530.245635461518,-5925.742381846052,-5696.03225121438,138.58860652714625,33,-4346.729095354523,-4206.028035859821,-4263.912469437653,-4176.824042379788,-4354.563162184189,-4269.611361043195,71.90098271103497,33,-0.17446875101847048,-0.17413663024222117,-0.16888001545985434,-0.1684931401950847,-0.1809624605104328,-0.17338819948521267,0.004547141936482626,33
3.3533663749694824,0.7209757221314353,15.20678744316101,1.121136099812846,ball_tree,5,2,distance,"{'algorithm': 'ball_tree', 'n_neighbors': 5, 'p': 2, 'weights': 'distance'}",-31735252.31043917,-29908327.31684337,-31515415.77430867,-29429960.777985994,-33911827.51329505,-31300156.738574453,1580587.9232012904,13,-5633.405036959367,-5468.850639471092,-5613.859258505567,-5424.938781035782,-5823.386258294657,-5592.887994853293,140.57245676291873,13,-4251.5556815930395,-4109.749320765673,-4173.516890309803,-4085.435611845188,-4258.054467285401,-4175.662394359821,70.76475601489362,17,-0.1701935487251517,-0.1699349177428277,-0.16486188449260628,-0.1647052453044787,-0.17663832262353923,-0.16926678377772073,0.004378484947408101,21
3.8703471183776856,0.6808188441037032,15.116470766067504,1.1327229022701653,ball_tree,10,1,uniform,"{'algorithm': 'ball_tree', 'n_neighbors': 10, 'p': 1, 'weights': 'uniform'}",-32813928.650819078,-32912339.692620214,-31995082.73811329,-30930349.09182967,-34558782.34736756,-32642096.504149966,1193729.3081901292,41,-5728.344320204494,-5736.927722450425,-5656.419604141235,-5561.506009331435,-5878.671818307905,-5712.373894887099,104.31197995610069,41,-4424.895802770987,-4406.56369193154,-4360.373308883456,-4308.205582722087,-4411.559983700081,-4382.31967400163,42.96518666484457,41,-0.17980331874845865,-0.1852257243520656,-0.17322185099420925,-0.17399578212724348,-0.18585695710523634,-0.17962072666544265,0.005346503903444895,41
3.1313879013061525,0.2892283098567455,16.43263578414917,0.919054533303806,ball_tree,10,1,distance,"{'algorithm': 'ball_tree', 'n_neighbors': 10, 'p': 1, 'weights': 'distance'}",-30676277.365850367,-30346074.487117402,-29966982.61558079,-28672551.448738366,-32245863.474123463,-30381549.87828208,1153804.9771458043,9,-5538.6169181349205,-5508.72712040789,-5474.210684252186,-5354.675662328986,-5678.544133325325,-5510.9549036898625,104.52716287523836,9,-4253.785196415775,-4207.4973192525085,-4190.278055652652,-4122.08620219413,-4227.841069607571,-4200.297568624527,44.47204888769244,25,-0.171911699058471,-0.17652997525059838,-0.16570457334748806,-0.16614527392583944,-0.17733425152183924,-0.17152515462084722,0.004934886738227179,29
3.9701404094696047,0.33412800397661085,17.088216876983644,0.3794218255617784,ball_tree,10,2,uniform,"{'algorithm': 'ball_tree', 'n_neighbors': 10, 'p': 2, 'weights': 'uniform'}",-33222323.26370416,-32788465.777722087,-33083334.680472698,-32146975.000448246,-35927785.63368378,-33433776.871206194,1300760.3565950568,49,-5763.8809203265255,-5726.121355483316,-5751.811426018128,-5669.83024441193,-5993.9791152191865,-5781.124612291817,111.24337445429545,49,-4449.320089649552,-4405.467440912796,-4398.725672371638,-4350.095273023634,-4513.823064384678,-4423.486308068459,55.04929879871393,45,-0.18210175051603808,-0.18521170823912034,-0.17622491862723216,-0.1764678314511862,-0.1903906429997757,-0.1820793703666705,0.005378722308680384,45
4.056580829620361,0.2389712177694636,15.636489772796631,1.5334296837880508,ball_tree,10,2,distance,"{'algorithm': 'ball_tree', 'n_neighbors': 10, 'p': 2, 'weights': 'distance'}",-32127752.549899634,-31569473.46015617,-32022893.91237381,-30966392.266140603,-34797540.985201895,-32296810.634754427,1315773.2094552827,29,-5668.134838718962,-5618.67185909234,-5658.877442777305,-5564.745480805083,-5898.944056795411,-5681.874735637821,114.49944661470263,29,-4366.529217558943,-4316.361533632645,-4313.897602416083,-4263.874121443638,-4422.3107046954965,-4336.594635949361,53.77012294570195,37,-0.1782366395342585,-0.18125661298815487,-0.17251614486068423,-0.1728299393285273,-0.18630918717355782,-0.17822970477703654,0.005220009406538509,37
3.06184868812561,1.248584068764071,15.858911275863647,0.5332952432817684,ball_tree,20,1,uniform,"{'algorithm': 'ball_tree', 'n_neighbors': 20, 'p': 1, 'weights': 'uniform'}",-35069851.78263957,-34335425.124135084,-34271102.43533007,-33079093.670741647,-36422004.69015994,-34635495.54060127,1097769.7078134723,61,-5921.980393638565,-5859.643771095226,-5854.152580462015,-5751.442746888962,-6035.064597016335,-5884.456817820221,93.07792332441224,61,-4647.747860635697,-4557.00511409943,-4582.216951915239,-4513.927180114099,-4669.37858598207,-4594.055138549307,57.42798418143613,57,-0.19116360885248776,-0.1928529033677705,-0.1849540269462918,-0.18351913227984884,-0.19905246522907044,-0.19030842733509384,0.005628996771550587,57
3.9830477237701416,0.5105328393485854,13.926367378234863,1.1131710031528315,ball_tree,20,1,distance,"{'algorithm': 'ball_tree', 'n_neighbors': 20, 'p': 1, 'weights': 'distance'}",-33059675.94266881,-32231783.7066918,-32391219.94657224,-31039302.316083625,-34380155.95907699,-32620427.574218698,1094816.9154623388,37,-5749.754424553174,-5677.304264058058,-5691.328486967893,-5571.292697039316,-5863.459384960127,-5710.627851515714,95.69281954105624,37,-4496.160942361047,-4400.483938951416,-4432.424416027381,-4358.662365642747,-4509.283364223629,-4439.403005441244,56.898459221080344,49,-0.18420462376262076,-0.18595547534920928,-0.17824367673373864,-0.17693802180063012,-0.19160820579876667,-0.18339000068899308,0.0053459676025751175,49
3.0114569664001465,0.6136577279534072,15.889396619796752,0.7733984965159177,ball_tree,20,2,uniform,"{'algorithm': 'ball_tree', 'n_neighbors': 20, 'p': 2, 'weights': 'uniform'}",-35299496.997560106,-35235216.939499795,-34954871.583042994,-33923692.160809904,-36957330.15505604,-35274121.56719376,975800.0580838394,65,-5941.337980418224,-5935.925954684728,-5912.264505504046,-5824.4048761062195,-6079.254078836978,-5938.637479110039,81.89297224626954,65,-4671.769824775876,-4593.435717196414,-4628.4463528932365,-4571.135635696822,-4678.357885085575,-4628.629083129584,42.13829666115937,65,-0.192388901726998,-0.19588999344198274,-0.18734561783070247,-0.18645085372483344,-0.20008512500606046,-0.1924320983461154,0.005141503530156254,65
3.612359809875488,0.5236686904011688,16.18519797325134,0.10915279342064689,ball_tree,20,2,distance,"{'algorithm': 'ball_tree', 'n_neighbors': 20, 'p': 2, 'weights': 'distance'}",-34344516.92103728,-34175461.71332143,-34015801.32882763,-32913098.68104782,-36041754.828162566,-34298126.69447935,1005529.5151684661,53,-5860.419517495081,-5845.978251184436,-5832.306690223657,-5736.9938714493865,-6003.478560648198,-5855.835378200152,85.54950554404608,53,-4599.082925973257,-4516.622123186516,-4555.463713000503,-4494.733152154266,-4607.973872733818,-4554.775157409672,44.39471182820997,53,-0.18911262468780612,-0.19241254128818056,-0.18416584176882891,-0.1832200318448029,-0.19682576410312427,-0.18914736073854857,0.005090564760502567,53
3.582049608230591,0.8612932531728913,16.490041255950928,0.7375430640543151,ball_tree,30,1,uniform,"{'algorithm': 'ball_tree', 'n_neighbors': 30, 'p': 1, 'weights': 'uniform'}",-36353621.462846145,-35926395.90862446,-36035797.82719958,-34772220.383611344,-37828239.2889147,-36183254.974239245,981196.916191501,73,-6029.396442667055,-5993.863187346243,-6002.982411035333,-5896.79746842397,-6150.466591155073,-6014.701220125535,81.3892306122139,73,-4776.3123336049985,-4700.709481119261,-4747.459508285791,-4660.387856560717,-4809.201100244499,-4738.814055963054,52.986466293529,73,-0.19674555186189863,-0.199512220805012,-0.192098788800036,-0.1900751678546739,-0.20636543196930698,-0.19695943225818552,0.005762885665342496,73
3.4572680473327635,0.9736250504545603,15.886016416549683,0.7657011321087757,ball_tree,30,1,distance,"{'algorithm': 'ball_tree', 'n_neighbors': 30, 'p': 1, 'weights': 'distance'}",-34565024.89034728,-33985688.75524415,-34256500.05644363,-32856862.59022364,-35966145.618052594,-34326044.382062264,1002618.2973634407,57,-5879.202742748993,-5829.724586568747,-5852.9052663137845,-5732.090595081662,-5997.1781379289205,-5858.2202657284215,85.43828340435878,57,-4645.070577052814,-4561.702860934791,-4610.469555777877,-4520.746572975872,-4669.334808212557,-4601.464874990782,54.19470713250018,61,-0.19082097626068462,-0.19337013417874838,-0.1860279324101211,-0.18414655916789402,-0.1998243746774972,-0.19083799533898907,0.005569184029638789,61
3.424417018890381,0.36567228780448324,14.654451036453247,0.3784956925827369,ball_tree,30,2,uniform,"{'algorithm': 'ball_tree', 'n_neighbors': 30, 'p': 2, 'weights': 'uniform'}",-37007669.899698906,-36217352.258112825,-36437746.815693654,-35343614.19825228,-37953012.19780812,-36591879.07391316,865766.4442975002,77,-6083.392959500389,-6018.0854312740385,-6036.368677913374,-5945.04955389375,-6160.601610054664,-6048.699646527243,71.49587410725505,77,-4811.978117359414,-4721.260690029883,-4777.404659060039,-4693.873757131214,-4815.142637870144,-4763.931972290139,48.66511986002589,77,-0.19919860372014472,-0.20165916117844015,-0.19510486454670306,-0.19263519991089192,-0.2069223534450145,-0.1991040365602389,0.005010048064895604,77
3.367215871810913,0.6433827838948761,15.730851459503175,0.4181543923884619,ball_tree,30,2,distance,"{'algorithm': 'ball_tree', 'n_neighbors': 30, 'p': 2, 'weights': 'distance'}",-36116975.639582075,-35295686.57662878,-35581089.475620024,-34427946.88272923,-37126587.09534755,-35709657.13398153,894905.7284114474,69,-6009.740064227576,-5941.017301492126,-5964.98864002439,-5867.53328773934,-6093.159040706844,-5975.287666838055,74.79593915822298,69,-4747.403558333631,-4652.993081816364,-4710.585275000372,-4626.098166653855,-4748.834486345521,-4697.182913629948,49.750183712459226,69,-0.19628945698915684,-0.19860683226453085,-0.19212961399085607,-0.18971101221991857,-0.20388815055614598,-0.19612501320412165,0.004971023891557227,69
3.4568694591522218,0.14190348793197355,15.993499946594238,0.5321605944774698,ball_tree,50,1,uniform,"{'algorithm': 'ball_tree', 'n_neighbors': 50, 'p': 1, 'weights': 'uniform'}",-39212619.29486634,-38253067.56714018,-38358117.6850396,-37248448.7250978,-39805579.6442652,-38575566.58328183,875362.7517545985,89,-6261.998027376433,-6184.906431559024,-6193.393067216031,-6103.150721151969,-6309.166319274298,-6210.522913315552,70.51047060077225,89,-5004.827147514263,-4904.692151589243,-4955.45597392013,-4881.526218418908,-5005.715639771801,-4950.4434262428695,50.755281554951345,89,-0.2061346939957438,-0.20852051749890604,-0.20100399911950956,-0.1991809003468006,-0.2145847167396246,-0.20588496554011693,0.005503862147214337,89
3.4174854278564455,1.3258211156724817,15.342229557037353,0.5088610049091415,ball_tree,50,1,distance,"{'algorithm': 'ball_tree', 'n_neighbors': 50, 'p': 1, 'weights': 'distance'}",-37507134.715697944,-36527914.64773965,-36726016.16974198,-35516164.03565226,-38166145.057809874,-36888674.92532834,900534.7791863019,81,-6124.306876349187,-6043.83277794312,-6060.199350660173,-5959.543945274022,-6177.875448551053,-6073.1516797555105,74.1862521708366,81,-4885.1929819676425,-4782.213788292734,-4836.2644877370185,-4752.735887217909,-4883.634621348211,-4828.008353312703,53.283418702170295,81,-0.2009117919108501,-0.20317292353512856,-0.19578400554660313,-0.1937478042687396,-0.20903445374655516,-0.20053019580157533,0.005440205611925569,81
3.6918201446533203,0.5426205166139482,15.339889621734619,0.7938070732103767,ball_tree,50,2,uniform,"{'algorithm': 'ball_tree', 'n_neighbors': 50, 'p': 2, 'weights': 'uniform'}",-39327993.10119348,-38425878.27659365,-38413352.27074132,-37619961.762882315,-39825905.27259054,-38722618.13680027,772434.1202977649,93,-6271.203481086663,-6198.86104672412,-6197.850617007586,-6133.511373013203,-6310.776915134185,-6222.440686593151,62.04867952188361,93,-5004.571719641402,-4910.334995925021,-4954.8369030154845,-4895.978818255909,-5012.5001548492255,-4955.644518337408,47.41315273332428,93,-0.20762189110276835,-0.2107168556095721,-0.203249254558971,-0.20256809029169712,-0.2157155066705831,-0.2079743196467183,0.004881090899525041,93
3.2990942001342773,0.6531085282616087,15.419371938705444,0.6689680942836488,ball_tree,50,2,distance,"{'algorithm': 'ball_tree', 'n_neighbors': 50, 'p': 2, 'weights': 'distance'}",-38497262.93188635,-37597276.45899857,-37633973.994900756,-36790188.22417533,-39067237.39644708,-37917187.801281616,788895.7602028516,85,-6204.616259841245,-6131.661802398969,-6134.653535033642,-6065.491589654983,-6250.378980225685,-6157.360433430904,64.03353887768645,85,-4945.111662232122,-4851.499081700705,-4897.736203291988,-4834.629722544939,-4954.544046467818,-4896.704143247514,48.13842278622312,85,-0.20499375326833183,-0.20806838419762813,-0.200697684788473,-0.19985872702865184,-0.21308233807429244,-0.20534017747147545,0.004880639501905922,85
3.772246074676514,0.48353093473268044,15.539190006256103,0.6589610808132298,ball_tree,100,1,uniform,"{'algorithm': 'ball_tree', 'n_neighbors': 100, 'p': 1, 'weights': 'uniform'}",-43608346.931555666,-42414644.8309657,-42901042.63983554,-41228079.17860264,-43805417.737726,-42791506.263737105,926668.4586646884,109,-6603.661630607346,-6512.652672372887,-6549.888750187711,-6420.909528922101,-6618.566139106416,-6541.135744239292,71.059405937518,109,-5357.323317033415,-5261.05642216789,-5316.873390383048,-5219.198276283619,-5357.1063243683775,-5302.31154604727,54.49882722749052,109,-0.220968377992632,-0.223868704560163,-0.2161745767401371,-0.21418345240221456,-0.22914795492620268,-0.22086861332426988,0.005371840537119169,105
3.4657684326171876,0.2998663091187941,15.948242568969727,0.39598378490159997,ball_tree,100,1,distance,"{'algorithm': 'ball_tree', 'n_neighbors': 100, 'p': 1, 'weights': 'distance'}",-42001772.30551291,-40814286.688485414,-41300330.20838366,-39650299.30534486,-42288088.32800926,-41210955.36714722,936652.3465511972,97,-6480.877433304298,-6388.606005106702,-6426.53329629464,-6296.8483628990825,-6502.92921136385,-6419.158861793715,73.1770059680077,97,-5248.646862698923,-5148.298385276741,-5206.02828839046,-5106.786509232154,-5248.904414319638,-5191.732891983583,56.23981810542663,97,-0.21633870956694867,-0.21903059514066592,-0.21142767446182908,-0.20936928792142437,-0.22438644232974522,-0.21611054188412265,0.005374812591761032,97
3.759357976913452,0.35862497584860975,15.309062671661376,0.5127244190735004,ball_tree,100,2,uniform,"{'algorithm': 'ball_tree', 'n_neighbors': 100, 'p': 2, 'weights': 'uniform'}",-43046223.67089234,-42382601.309198245,-42643943.831021234,-40677874.937321074,-43571173.59852437,-42464363.46939145,979190.0110176164,105,-6560.962099486046,-6510.192110007065,-6530.233061003354,-6377.920894564393,-6600.846430460594,-6516.030919104291,75.52834347678379,105,-5302.3065851670735,-5248.646303993481,-5277.960696821517,-5168.076010594947,-5337.443822330889,-5266.886683781582,57.361613592441614,105,-0.22114046903852885,-0.22678287359291482,-0.21803018227067042,-0.21572559660486146,-0.23065592405575897,-0.2224670091125469,0.005524070921912798,109
3.5569515228271484,0.14219738911687554,16.02168459892273,0.4061691318242931,ball_tree,100,2,distance,"{'algorithm': 'ball_tree', 'n_neighbors': 100, 'p': 2, 'weights': 'distance'}",-42278268.8085663,-41598342.30606779,-41859189.33993341,-39943467.55611283,-42838913.94609209,-41703636.39135449,974939.5298135785,101,-6502.17416012262,-6449.677690091791,-6469.867799262471,-6320.084457988899,-6545.144302923511,-6457.389682077858,75.86095931965453,101,-5248.869182220198,-5191.746226466657,-5224.407320976604,-5114.615042486599,-5283.134441255076,-5212.554442681027,57.386226924007865,101,-0.2188006125804862,-0.22423637302577132,-0.21562408133663358,-0.21331337299931416,-0.22819855521441335,-0.22003459903132372,0.005485532855233151,101
4.902063035964966,0.6880057665197394,16.828256845474243,1.0297732347570892,kd_tree,3,1,uniform,"{'algorithm': 'kd_tree', 'n_neighbors': 3, 'p': 1, 'weights': 'uniform'}",-31983376.46400435,-29711923.442769177,-31768984.70424703,-29625590.73865797,-33518558.01987684,-31321686.673911072,1478663.7007041227,17,-5655.384731740569,-5450.864467473868,-5636.398203129995,-5442.939531049189,-5789.521398170737,-5595.021666312871,131.98192073390783,17,-4156.880195599022,-3968.3568323825043,-4073.359141537626,-3990.6210268948657,-4170.65050258082,-4071.973539798967,82.82856570872059,9,-0.16323803776907206,-0.1637930337431362,-0.15665732292528686,-0.15788735730725734,-0.16958190424536568,-0.16223153119802364,0.004635147770505525,9
5.005172634124756,0.675472234772595,17.26828603744507,0.4847332088952712,kd_tree,3,1,distance,"{'algorithm': 'kd_tree', 'n_neighbors': 3, 'p': 1, 'weights': 'distance'}",-30277569.688457422,-27986227.537643146,-30226685.372195438,-28035429.586025726,-31585389.874688625,-29622260.411802072,1403087.5028901857,5,-5502.50576450924,-5290.20108669256,-5497.8800798303555,-5294.849344979111,-5620.088066453107,-5441.1048684928755,128.9892315862233,5,-4017.3240778984423,-3811.9458470776613,-3930.3214906436265,-3861.6110516404074,-4023.308469422765,-3928.9021873365805,83.59410711262892,1,-0.1571056155660834,-0.1569793893199713,-0.15044973549630505,-0.15223080262182367,-0.16290777004165988,-0.15593466260916866,0.004356370421162958,1
4.588620710372925,0.1502399953332865,19.126106166839598,0.2156678693162487,kd_tree,3,2,uniform,"{'algorithm': 'kd_tree', 'n_neighbors': 3, 'p': 2, 'weights': 'uniform'}",-33878579.15575478,-31090425.404826585,-32496786.328715026,-31101471.73594132,-35776458.93090645,-32868744.311228834,1783176.600995678,45,-5820.530831097348,-5575.878890796193,-5700.595260910481,-5576.869349011264,-5981.342569265403,-5731.043380216137,154.55123846032532,45,-4303.59739201304,-4102.229421352893,-4146.23743547949,-4116.804672643304,-4308.094539527302,-4195.392692203206,91.30353177029995,21,-0.17156212015293368,-0.16935412643146847,-0.16230429522480563,-0.1637835659174281,-0.17706166610488153,-0.16881315476630346,0.005358160446678169,17
5.364729690551758,0.9123016693643702,18.261569356918336,1.1856030846164252,kd_tree,3,2,distance,"{'algorithm': 'kd_tree', 'n_neighbors': 3, 'p': 2, 'weights': 'distance'}",-32758329.16732462,-30143256.810575627,-31736983.04044176,-30180748.757168483,-34741679.276406236,-31912199.41038335,1725089.675352478,25,-5723.489247594042,-5490.287497989119,-5633.558647998772,-5493.700825233249,-5894.207264459423,-5647.048696654921,151.790737501661,25,-4217.800897052337,-4018.3776521535415,-4077.6312616572177,-4043.8878499677226,-4226.145563576492,-4116.768644881462,87.97153949411613,13,-0.16766523548510268,-0.1656234835744,-0.15906243686175048,-0.16082287289156486,-0.17339430177508336,-0.16531366611758025,0.0051023059293597555,13
5.00696210861206,0.9735010039688372,19.111532354354857,0.5723401739886415,kd_tree,5,1,uniform,"{'algorithm': 'kd_tree', 'n_neighbors': 5, 'p': 1, 'weights': 'uniform'}",-31802177.38203749,-30505753.540456396,-31830171.74400978,-29897169.488590058,-34550167.90790546,-31717088.012599837,1601611.9668460756,21,-5639.341928100964,-5523.201385107771,-5641.823441407023,-5467.830418784955,-5877.939086780796,-5630.027252036302,141.00054584436063,21,-4246.866992665037,-4120.263977180114,-4225.53977180114,-4121.281418092909,-4301.188101059494,-4203.02805215974,71.54918548010404,29,-0.16985680947719162,-0.17110406760155314,-0.16507860072199018,-0.16476907223083462,-0.1784264311576674,-0.1698469962378474,0.004974131809133857,25
4.733246326446533,0.3478204770145908,21.078008556365965,1.4357995911701065,kd_tree,5,1,distance,"{'algorithm': 'kd_tree', 'n_neighbors': 5, 'p': 1, 'weights': 'distance'}",-29710474.614160813,-28027573.552810743,-29772741.38441351,-27770712.799570333,-32017648.206067026,-29459830.11140449,1523656.501951396,1,-5450.7315668780475,-5294.107436840581,-5456.440358366754,-5269.79248164198,-5658.413930251747,-5425.897154795822,139.53557604815774,1,-4069.803633009534,-3927.1685157358106,-4040.776880533222,-3935.5323896194036,-4106.449651624303,-4015.9462141044546,72.1885290960685,5,-0.16173492169358297,-0.16266596261255148,-0.15712279367053025,-0.1569051777910444,-0.16917649624219264,-0.16152107040198035,0.00448583009365814,5
6.031928205490113,1.3144864328324954,22.321266174316406,1.264048831543029,kd_tree,5,2,uniform,"{'algorithm': 'kd_tree', 'n_neighbors': 5, 'p': 2, 'weights': 'uniform'}",-32909703.350546043,-31113403.943895683,-32598804.18467808,-30583616.788541164,-35114422.77600652,-32463990.2087335,1587546.2364725152,33,-5736.697948345027,-5577.93904089097,-5709.536249528334,-5530.245635461518,-5925.742381846052,-5696.03225121438,138.58860652714625,33,-4346.729095354523,-4206.028035859821,-4263.912469437653,-4176.824042379788,-4354.563162184189,-4269.611361043195,71.90098271103497,33,-0.17446875101847048,-0.17413663024222117,-0.16888001545985434,-0.1684931401950847,-0.1809624605104328,-0.17338819948521267,0.004547141936482626,33
5.687176752090454,0.18531861439006345,20.99376196861267,0.5360085098096264,kd_tree,5,2,distance,"{'algorithm': 'kd_tree', 'n_neighbors': 5, 'p': 2, 'weights': 'distance'}",-31735252.31043917,-29908327.31684337,-31515415.77430867,-29429960.777985994,-33911827.51329505,-31300156.738574453,1580587.9232012904,13,-5633.405036959367,-5468.850639471092,-5613.859258505567,-5424.938781035782,-5823.386258294657,-5592.887994853293,140.57245676291873,13,-4251.5556815930395,-4109.749320765673,-4173.516890309803,-4085.435611845188,-4258.054467285401,-4175.662394359821,70.76475601489362,17,-0.1701935487251517,-0.1699349177428277,-0.16486188449260628,-0.1647052453044787,-0.17663832262353923,-0.16926678377772073,0.004378484947408101,21
5.4317577362060545,0.6639086592223338,19.395533514022826,1.5111829726499983,kd_tree,10,1,uniform,"{'algorithm': 'kd_tree', 'n_neighbors': 10, 'p': 1, 'weights': 'uniform'}",-32813928.650819078,-32912339.692620214,-31995082.73811329,-30930349.09182967,-34558782.34736756,-32642096.504149966,1193729.3081901292,41,-5728.344320204494,-5736.927722450425,-5656.419604141235,-5561.506009331435,-5878.671818307905,-5712.373894887099,104.31197995610069,41,-4424.895802770987,-4406.56369193154,-4360.373308883456,-4308.205582722087,-4411.559983700081,-4382.31967400163,42.96518666484457,41,-0.17980331874845865,-0.1852257243520656,-0.17322185099420925,-0.17399578212724348,-0.18585695710523634,-0.17962072666544265,0.005346503903444895,41
5.823146629333496,0.7206977057375725,21.013272953033447,1.1564286950648084,kd_tree,10,1,distance,"{'algorithm': 'kd_tree', 'n_neighbors': 10, 'p': 1, 'weights': 'distance'}",-30676277.365850367,-30346074.487117402,-29966982.61558079,-28672551.448738366,-32245863.474123463,-30381549.87828208,1153804.9771458043,9,-5538.6169181349205,-5508.72712040789,-5474.210684252186,-5354.675662328986,-5678.544133325325,-5510.9549036898625,104.52716287523836,9,-4253.785196415775,-4207.4973192525085,-4190.278055652652,-4122.08620219413,-4227.841069607571,-4200.297568624527,44.47204888769244,25,-0.171911699058471,-0.17652997525059838,-0.16570457334748806,-0.16614527392583944,-0.17733425152183924,-0.17152515462084722,0.004934886738227179,29
5.687068033218384,0.3673426282232288,21.69055724143982,0.8040924881697357,kd_tree,10,2,uniform,"{'algorithm': 'kd_tree', 'n_neighbors': 10, 'p': 2, 'weights': 'uniform'}",-33222323.26370416,-32788465.777722087,-33083334.680472698,-32146975.000448246,-35927785.63368378,-33433776.871206194,1300760.3565950568,49,-5763.8809203265255,-5726.121355483316,-5751.811426018128,-5669.83024441193,-5993.9791152191865,-5781.124612291817,111.24337445429545,49,-4449.320089649552,-4405.467440912796,-4398.725672371638,-4350.095273023634,-4513.823064384678,-4423.486308068459,55.04929879871393,45,-0.18210175051603808,-0.18521170823912034,-0.17622491862723216,-0.1764678314511862,-0.1903906429997757,-0.1820793703666705,0.005378722308680384,45
6.063590669631958,0.3382459715776848,21.712442445755006,0.41872064079570975,kd_tree,10,2,distance,"{'algorithm': 'kd_tree', 'n_neighbors': 10, 'p': 2, 'weights': 'distance'}",-32127752.549899634,-31569473.46015617,-32022893.91237381,-30966392.266140603,-34797540.985201895,-32296810.634754427,1315773.2094552827,29,-5668.134838718962,-5618.67185909234,-5658.877442777305,-5564.745480805083,-5898.944056795411,-5681.874735637821,114.49944661470263,29,-4366.529217558943,-4316.361533632645,-4313.897602416083,-4263.874121443638,-4422.3107046954965,-4336.594635949361,53.77012294570195,37,-0.1782366395342585,-0.18125661298815487,-0.17251614486068423,-0.1728299393285273,-0.18630918717355782,-0.17822970477703654,0.005220009406538509,37
5.5188628196716305,0.6333915039068857,19.968803024291994,0.44841245957136705,kd_tree,20,1,uniform,"{'algorithm': 'kd_tree', 'n_neighbors': 20, 'p': 1, 'weights': 'uniform'}",-35069851.78263957,-34335425.124135084,-34271102.43533007,-33079093.670741647,-36422004.69015994,-34635495.54060127,1097769.7078134723,61,-5921.980393638565,-5859.643771095226,-5854.152580462015,-5751.442746888962,-6035.064597016335,-5884.456817820221,93.07792332441224,61,-4647.747860635697,-4557.00511409943,-4582.216951915239,-4513.927180114099,-4669.37858598207,-4594.055138549307,57.42798418143613,57,-0.19116360885248776,-0.1928529033677705,-0.1849540269462918,-0.18351913227984884,-0.19905246522907044,-0.19030842733509384,0.005628996771550587,57
5.674918270111084,0.5453964888556178,20.853561782836913,0.7989699204347985,kd_tree,20,1,distance,"{'algorithm': 'kd_tree', 'n_neighbors': 20, 'p': 1, 'weights': 'distance'}",-33059675.94266881,-32231783.7066918,-32391219.94657224,-31039302.316083625,-34380155.95907699,-32620427.574218698,1094816.9154623388,37,-5749.754424553174,-5677.304264058058,-5691.328486967893,-5571.292697039316,-5863.459384960127,-5710.627851515714,95.69281954105624,37,-4496.160942361047,-4400.483938951416,-4432.424416027381,-4358.662365642747,-4509.283364223629,-4439.403005441244,56.898459221080344,49,-0.18420462376262076,-0.18595547534920928,-0.17824367673373864,-0.17693802180063012,-0.19160820579876667,-0.18339000068899308,0.0053459676025751175,49
6.166653108596802,0.654881140918887,21.152049922943114,1.033182810354717,kd_tree,20,2,uniform,"{'algorithm': 'kd_tree', 'n_neighbors': 20, 'p': 2, 'weights': 'uniform'}",-35299496.997560106,-35235216.939499795,-34954871.583042994,-33923692.160809904,-36957330.15505604,-35274121.56719376,975800.0580838394,65,-5941.337980418224,-5935.925954684728,-5912.264505504046,-5824.4048761062195,-6079.254078836978,-5938.637479110039,81.89297224626954,65,-4671.769824775876,-4593.435717196414,-4628.4463528932365,-4571.135635696822,-4678.357885085575,-4628.629083129584,42.13829666115937,65,-0.192388901726998,-0.19588999344198274,-0.18734561783070247,-0.18645085372483344,-0.20008512500606046,-0.1924320983461154,0.005141503530156254,65
4.676440668106079,1.887819705128971,20.561082124710083,0.3719412101181791,kd_tree,20,2,distance,"{'algorithm': 'kd_tree', 'n_neighbors': 20, 'p': 2, 'weights': 'distance'}",-34344516.92103728,-34175461.71332143,-34015801.32882763,-32913098.68104782,-36041754.828162566,-34298126.69447935,1005529.5151684661,53,-5860.419517495081,-5845.978251184436,-5832.306690223657,-5736.9938714493865,-6003.478560648198,-5855.835378200152,85.54950554404608,53,-4599.082925973257,-4516.622123186516,-4555.463713000503,-4494.733152154266,-4607.973872733818,-4554.775157409672,44.39471182820997,53,-0.18911262468780612,-0.19241254128818056,-0.18416584176882891,-0.1832200318448029,-0.19682576410312427,-0.18914736073854857,0.005090564760502567,53
5.56175127029419,0.2540824313250957,19.36544108390808,0.6981943800833182,kd_tree,30,1,uniform,"{'algorithm': 'kd_tree', 'n_neighbors': 30, 'p': 1, 'weights': 'uniform'}",-36353621.462846145,-35926395.90862446,-36035797.82719958,-34772220.383611344,-37828239.2889147,-36183254.974239245,981196.916191501,73,-6029.396442667055,-5993.863187346243,-6002.982411035333,-5896.79746842397,-6150.466591155073,-6014.701220125535,81.3892306122139,73,-4776.3123336049985,-4700.709481119261,-4747.459508285791,-4660.387856560717,-4809.201100244499,-4738.814055963054,52.986466293529,73,-0.19674555186189863,-0.199512220805012,-0.192098788800036,-0.1900751678546739,-0.20636543196930698,-0.19695943225818552,0.005762885665342496,73
5.472836446762085,0.3851156910971915,19.662663316726686,0.5228980166328632,kd_tree,30,1,distance,"{'algorithm': 'kd_tree', 'n_neighbors': 30, 'p': 1, 'weights': 'distance'}",-34565024.89034728,-33985688.75524415,-34256500.05644363,-32856862.59022364,-35966145.618052594,-34326044.382062264,1002618.2973634407,57,-5879.202742748993,-5829.724586568747,-5852.9052663137845,-5732.090595081662,-5997.1781379289205,-5858.2202657284215,85.43828340435878,57,-4645.070577052814,-4561.702860934791,-4610.469555777877,-4520.746572975872,-4669.334808212557,-4601.464874990782,54.19470713250018,61,-0.19082097626068462,-0.19337013417874838,-0.1860279324101211,-0.18414655916789402,-0.1998243746774972,-0.19083799533898907,0.005569184029638789,61
5.456867504119873,0.4988466557705272,20.927777910232543,0.42023359643413716,kd_tree,30,2,uniform,"{'algorithm': 'kd_tree', 'n_neighbors': 30, 'p': 2, 'weights': 'uniform'}",-37007669.899698906,-36217352.258112825,-36437746.815693654,-35343614.19825228,-37953012.19780812,-36591879.07391316,865766.4442975002,77,-6083.392959500389,-6018.0854312740385,-6036.368677913374,-5945.04955389375,-6160.601610054664,-6048.699646527243,71.49587410725505,77,-4811.978117359414,-4721.260690029883,-4777.404659060039,-4693.873757131214,-4815.142637870144,-4763.931972290139,48.66511986002589,77,-0.19919860372014472,-0.20165916117844015,-0.19510486454670306,-0.19263519991089192,-0.2069223534450145,-0.1991040365602389,0.005010048064895604,77
5.324061441421509,0.6101165257843251,20.518844985961913,1.8077928684646272,kd_tree,30,2,distance,"{'algorithm': 'kd_tree', 'n_neighbors': 30, 'p': 2, 'weights': 'distance'}",-36116975.639582075,-35295686.57662878,-35581089.475620024,-34427946.88272923,-37126587.09534755,-35709657.13398153,894905.7284114474,69,-6009.740064227576,-5941.017301492126,-5964.98864002439,-5867.53328773934,-6093.159040706844,-5975.287666838055,74.79593915822298,69,-4747.403558333631,-4652.993081816364,-4710.585275000372,-4626.098166653855,-4748.834486345521,-4697.182913629948,49.750183712459226,69,-0.19628945698915684,-0.19860683226453085,-0.19212961399085607,-0.18971101221991857,-0.20388815055614598,-0.19612501320412165,0.004971023891557227,69
5.511983633041382,0.7058311226536657,18.783360242843628,0.649319935870544,kd_tree,50,1,uniform,"{'algorithm': 'kd_tree', 'n_neighbors': 50, 'p': 1, 'weights': 'uniform'}",-39212619.29486634,-38253067.56714018,-38358117.6850396,-37248448.7250978,-39805579.6442652,-38575566.58328183,875362.7517545985,89,-6261.998027376433,-6184.906431559024,-6193.393067216031,-6103.150721151969,-6309.166319274298,-6210.522913315552,70.51047060077225,89,-5004.827147514263,-4904.692151589243,-4955.45597392013,-4881.526218418908,-5005.715639771801,-4950.4434262428695,50.755281554951345,89,-0.2061346939957438,-0.20852051749890604,-0.20100399911950956,-0.1991809003468006,-0.2145847167396246,-0.20588496554011693,0.005503862147214337,89
5.42774453163147,0.6188272257814956,19.994005346298216,0.3754429394773224,kd_tree,50,1,distance,"{'algorithm': 'kd_tree', 'n_neighbors': 50, 'p': 1, 'weights': 'distance'}",-37507134.715697944,-36527914.64773965,-36726016.16974198,-35516164.03565226,-38166145.057809874,-36888674.92532834,900534.7791863019,81,-6124.306876349187,-6043.83277794312,-6060.199350660173,-5959.543945274022,-6177.875448551053,-6073.1516797555105,74.1862521708366,81,-4885.1929819676425,-4782.213788292734,-4836.2644877370185,-4752.735887217909,-4883.634621348211,-4828.008353312703,53.283418702170295,81,-0.2009117919108501,-0.20317292353512856,-0.19578400554660313,-0.1937478042687396,-0.20903445374655516,-0.20053019580157533,0.005440205611925569,81
5.728456592559814,0.20297730398360744,20.91596727371216,0.09689479833548564,kd_tree,50,2,uniform,"{'algorithm': 'kd_tree', 'n_neighbors': 50, 'p': 2, 'weights': 'uniform'}",-39327993.10119348,-38425878.27659365,-38413352.27074132,-37619961.762882315,-39825905.27259054,-38722618.13680027,772434.1202977649,93,-6271.203481086663,-6198.86104672412,-6197.850617007586,-6133.511373013203,-6310.776915134185,-6222.440686593151,62.04867952188361,93,-5004.571719641402,-4910.334995925021,-4954.8369030154845,-4895.978818255909,-5012.5001548492255,-4955.644518337408,47.41315273332428,93,-0.20762189110276835,-0.2107168556095721,-0.203249254558971,-0.20256809029169712,-0.2157155066705831,-0.2079743196467183,0.004881090899525041,93
5.765794849395752,0.29443246555037467,19.913289308547974,1.1626651625920819,kd_tree,50,2,distance,"{'algorithm': 'kd_tree', 'n_neighbors': 50, 'p': 2, 'weights': 'distance'}",-38497262.93188635,-37597276.45899857,-37633973.994900756,-36790188.22417533,-39067237.39644708,-37917187.801281616,788895.7602028516,85,-6204.616259841245,-6131.661802398969,-6134.653535033642,-6065.491589654983,-6250.378980225685,-6157.360433430904,64.03353887768645,85,-4945.111662232122,-4851.499081700705,-4897.736203291988,-4834.629722544939,-4954.544046467818,-4896.704143247514,48.13842278622312,85,-0.20499375326833183,-0.20806838419762813,-0.200697684788473,-0.19985872702865184,-0.21308233807429244,-0.20534017747147545,0.004880639501905922,85
5.190808582305908,0.6317897337589867,20.4860023021698,1.403779594766564,kd_tree,100,1,uniform,"{'algorithm': 'kd_tree', 'n_neighbors': 100, 'p': 1, 'weights': 'uniform'}",-43608346.931555666,-42414644.8309657,-42901042.63983554,-41228079.17860264,-43805417.737726,-42791506.263737105,926668.4586646884,109,-6603.661630607346,-6512.652672372887,-6549.888750187711,-6420.909528922101,-6618.566139106416,-6541.135744239292,71.059405937518,109,-5357.323317033415,-5261.05642216789,-5316.873390383048,-5219.198276283619,-5357.1063243683775,-5302.31154604727,54.49882722749052,109,-0.220968377992632,-0.223868704560163,-0.2161745767401371,-0.21418345240221456,-0.22914795492620268,-0.22086861332426988,0.005371840537119169,105
4.848271417617798,1.064222850121921,21.23247013092041,2.311367484283317,kd_tree,100,1,distance,"{'algorithm': 'kd_tree', 'n_neighbors': 100, 'p': 1, 'weights': 'distance'}",-42001772.30551291,-40814286.688485414,-41300330.20838366,-39650299.30534486,-42288088.32800926,-41210955.36714722,936652.3465511972,97,-6480.877433304298,-6388.606005106702,-6426.53329629464,-6296.8483628990825,-6502.92921136385,-6419.158861793715,73.1770059680077,97,-5248.646862698923,-5148.298385276741,-5206.02828839046,-5106.786509232154,-5248.904414319638,-5191.732891983583,56.23981810542663,97,-0.21633870956694867,-0.21903059514066592,-0.21142767446182908,-0.20936928792142437,-0.22438644232974522,-0.21611054188412265,0.005374812591761032,97
6.248556327819824,1.3283246115229792,26.441623401641845,1.0441442695178993,kd_tree,100,2,uniform,"{'algorithm': 'kd_tree', 'n_neighbors': 100, 'p': 2, 'weights': 'uniform'}",-43046223.67089234,-42382601.309198245,-42643943.831021234,-40677874.937321074,-43571173.59852437,-42464363.46939145,979190.0110176164,105,-6560.962099486046,-6510.192110007065,-6530.233061003354,-6377.920894564393,-6600.846430460594,-6516.030919104291,75.52834347678379,105,-5302.3065851670735,-5248.646303993481,-5277.960696821517,-5168.076010594947,-5337.443822330889,-5266.886683781582,57.361613592441614,105,-0.22114046903852885,-0.22678287359291482,-0.21803018227067042,-0.21572559660486146,-0.23065592405575897,-0.2224670091125469,0.005524070921912798,109
6.692132616043091,0.5808695089126317,19.52994499206543,4.577635352034913,kd_tree,100,2,distance,"{'algorithm': 'kd_tree', 'n_neighbors': 100, 'p': 2, 'weights': 'distance'}",-42278268.8085663,-41598342.30606779,-41859189.33993341,-39943467.55611283,-42838913.94609209,-41703636.39135449,974939.5298135785,101,-6502.17416012262,-6449.677690091791,-6469.867799262471,-6320.084457988899,-6545.144302923511,-6457.389682077858,75.86095931965453,101,-5248.869182220198,-5191.746226466657,-5224.407320976604,-5114.615042486599,-5283.134441255076,-5212.554442681027,57.386226924007865,101,-0.2188006125804862,-0.22423637302577132,-0.21562408133663358,-0.21331337299931416,-0.22819855521441335,-0.22003459903132372,0.005485532855233151,101
0.3093212127685547,0.13525023761727123,19.67625489234924,4.483810657993664,brute,3,1,uniform,"{'algorithm': 'brute', 'n_neighbors': 3, 'p': 1, 'weights': 'uniform'}",-31983376.46400435,-29711923.442769177,-31768984.70424703,-29625590.73865797,-33518558.01987684,-31321686.673911072,1478663.7007041227,17,-5655.384731740569,-5450.864467473868,-5636.398203129995,-5442.939531049189,-5789.521398170737,-5595.021666312871,131.98192073390783,17,-4156.880195599022,-3968.3568323825043,-4073.359141537626,-3990.6210268948657,-4170.65050258082,-4071.973539798967,82.82856570872059,9,-0.16323803776907206,-0.1637930337431362,-0.15665732292528686,-0.15788735730725734,-0.16958190424536568,-0.16223153119802364,0.004635147770505525,9
0.06705975532531738,0.015858835279417234,15.234714937210082,0.6423008016038364,brute,3,1,distance,"{'algorithm': 'brute', 'n_neighbors': 3, 'p': 1, 'weights': 'distance'}",-30277569.688457422,-27986227.537643146,-30226685.372195438,-28035429.586025726,-31585389.874688625,-29622260.411802072,1403087.5028901857,5,-5502.50576450924,-5290.20108669256,-5497.8800798303555,-5294.849344979111,-5620.088066453107,-5441.1048684928755,128.9892315862233,5,-4017.3240778984423,-3811.9458470776613,-3930.3214906436265,-3861.6110516404074,-4023.308469422765,-3928.9021873365805,83.59410711262892,1,-0.1571056155660834,-0.1569793893199713,-0.15044973549630505,-0.15223080262182367,-0.16290777004165988,-0.15593466260916866,0.004356370421162958,1
0.05320301055908203,0.0041659743929825365,1.123250389099121,0.10868715227349311,brute,3,2,uniform,"{'algorithm': 'brute', 'n_neighbors': 3, 'p': 2, 'weights': 'uniform'}",-33878579.15575478,-31090425.404826585,-32496786.328715026,-31101471.73594132,-35776458.93090645,-32868744.311228834,1783176.600995678,45,-5820.530831097348,-5575.878890796193,-5700.595260910481,-5576.869349011264,-5981.342569265403,-5731.043380216137,154.55123846032532,45,-4303.59739201304,-4102.229421352893,-4146.23743547949,-4116.804672643304,-4308.094539527302,-4195.392692203206,91.30353177029995,21,-0.17156212015293368,-0.16935412643146847,-0.16230429522480563,-0.1637835659174281,-0.17706166610488153,-0.16881315476630346,0.005358160446678169,17
0.056653070449829104,0.003738132004112884,1.1901261329650878,0.1605632389456276,brute,3,2,distance,"{'algorithm': 'brute', 'n_neighbors': 3, 'p': 2, 'weights': 'distance'}",-32758329.167333998,-30143256.81058917,-31736983.040460333,-30180748.757175002,-34741679.27643578,-31912199.410398852,1725089.6753586254,27,-5723.489247594862,-5490.287497990353,-5633.558648000421,-5493.700825233843,-5894.207264461929,-5647.048696656281,151.79073750215576,27,-4217.800897052792,-4018.3776521547024,-4077.631261658365,-4043.8878499679345,-4226.145563579378,-4116.768644882634,87.97153949454129,15,-0.167665235485146,-0.1656234835744849,-0.15906243686183957,-0.16082287289153954,-0.1733943017752562,-0.16531366611765325,0.005102305929402149,15
0.06953105926513672,0.017999776049825097,13.813892459869384,0.8627795773322139,brute,5,1,uniform,"{'algorithm': 'brute', 'n_neighbors': 5, 'p': 1, 'weights': 'uniform'}",-31802177.38203749,-30505753.540456396,-31830171.74400978,-29897169.488590058,-34550167.90790546,-31717088.012599837,1601611.9668460756,21,-5639.341928100964,-5523.201385107771,-5641.823441407023,-5467.830418784955,-5877.939086780796,-5630.027252036302,141.00054584436063,21,-4246.866992665037,-4120.263977180114,-4225.53977180114,-4121.281418092909,-4301.188101059494,-4203.02805215974,71.54918548010404,29,-0.16985680947719162,-0.17110406760155314,-0.16507860072199018,-0.16476907223083462,-0.1784264311576674,-0.1698469962378474,0.004974131809133857,25
0.0491943359375,0.0049819642286190995,14.203989171981812,0.4838925474470742,brute,5,1,distance,"{'algorithm': 'brute', 'n_neighbors': 5, 'p': 1, 'weights': 'distance'}",-29710474.614160813,-28027573.552810743,-29772741.38441351,-27770712.799570333,-32017648.206067026,-29459830.11140449,1523656.501951396,1,-5450.7315668780475,-5294.107436840581,-5456.440358366754,-5269.79248164198,-5658.413930251747,-5425.897154795822,139.53557604815774,1,-4069.803633009534,-3927.1685157358106,-4040.776880533222,-3935.5323896194036,-4106.449651624303,-4015.9462141044546,72.1885290960685,5,-0.16173492169358297,-0.16266596261255148,-0.15712279367053025,-0.1569051777910444,-0.16917649624219264,-0.16152107040198035,0.00448583009365814,5
0.052728891372680664,0.0053401324096303965,1.0653038501739502,0.19976823466281377,brute,5,2,uniform,"{'algorithm': 'brute', 'n_neighbors': 5, 'p': 2, 'weights': 'uniform'}",-32909703.350546043,-31113403.943895683,-32598804.18467808,-30583616.788541164,-35114422.77600652,-32463990.2087335,1587546.2364725152,33,-5736.697948345027,-5577.93904089097,-5709.536249528334,-5530.245635461518,-5925.742381846052,-5696.03225121438,138.58860652714625,33,-4346.729095354523,-4206.028035859821,-4263.912469437653,-4176.824042379788,-4354.563162184189,-4269.611361043195,71.90098271103497,33,-0.17446875101847048,-0.17413663024222117,-0.16888001545985434,-0.1684931401950847,-0.1809624605104328,-0.17338819948521267,0.004547141936482626,33
0.06412730216979981,0.00773970598015067,1.2059404850006104,0.0996573256926852,brute,5,2,distance,"{'algorithm': 'brute', 'n_neighbors': 5, 'p': 2, 'weights': 'distance'}",-31735252.310439285,-29908327.316866823,-31515415.77433157,-29429960.77799713,-33911827.5133271,-31300156.73859238,1580587.9232057477,15,-5633.405036959378,-5468.850639473236,-5613.859258507606,-5424.938781036808,-5823.386258297409,-5592.887994854887,140.57245676325928,15,-4251.555681593973,-4109.749320766659,-4173.516890310975,-4085.435611845532,-4258.054467288065,-4175.662394361041,70.76475601543537,19,-0.1701935487251922,-0.16993491774290878,-0.16486188449268602,-0.1647052453044636,-0.1766383226237092,-0.16926678377779197,0.004378484947456626,23
0.05598535537719727,0.009875433095916254,14.208564376831054,0.8446411203565073,brute,10,1,uniform,"{'algorithm': 'brute', 'n_neighbors': 10, 'p': 1, 'weights': 'uniform'}",-32813928.650819078,-32912339.692620214,-31995082.73811329,-30930349.09182967,-34558782.34736756,-32642096.504149966,1193729.3081901292,41,-5728.344320204494,-5736.927722450425,-5656.419604141235,-5561.506009331435,-5878.671818307905,-5712.373894887099,104.31197995610069,41,-4424.895802770987,-4406.56369193154,-4360.373308883456,-4308.205582722087,-4411.559983700081,-4382.31967400163,42.96518666484457,41,-0.17980331874845865,-0.1852257243520656,-0.17322185099420925,-0.17399578212724348,-0.18585695710523634,-0.17962072666544265,0.005346503903444895,41
0.048813676834106444,0.00636929994658322,13.17746000289917,0.26804446097846035,brute,10,1,distance,"{'algorithm': 'brute', 'n_neighbors': 10, 'p': 1, 'weights': 'distance'}",-30676277.365850367,-30346074.487117402,-29966982.61558079,-28672551.448738366,-32245863.474123463,-30381549.87828208,1153804.9771458043,9,-5538.6169181349205,-5508.72712040789,-5474.210684252186,-5354.675662328986,-5678.544133325325,-5510.9549036898625,104.52716287523836,9,-4253.785196415775,-4207.4973192525085,-4190.278055652652,-4122.08620219413,-4227.841069607571,-4200.297568624527,44.47204888769244,25,-0.171911699058471,-0.17652997525059838,-0.16570457334748806,-0.16614527392583944,-0.17733425152183924,-0.17152515462084722,0.004934886738227179,29
0.04945816993713379,0.004878592107520886,0.9532141208648681,0.020202933691645292,brute,10,2,uniform,"{'algorithm': 'brute', 'n_neighbors': 10, 'p': 2, 'weights': 'uniform'}",-33222323.26370416,-32788465.777722087,-33083334.680472698,-32146975.000448246,-35927785.63368378,-33433776.871206194,1300760.3565950568,49,-5763.8809203265255,-5726.121355483316,-5751.811426018128,-5669.83024441193,-5993.9791152191865,-5781.124612291817,111.24337445429545,49,-4449.320089649552,-4405.467440912796,-4398.725672371638,-4350.095273023634,-4513.823064384678,-4423.486308068459,55.04929879871393,45,-0.18210175051603808,-0.18521170823912034,-0.17622491862723216,-0.1764678314511862,-0.1903906429997757,-0.1820793703666705,0.005378722308680384,45
0.055174636840820315,0.004773305782406177,1.0022120952606202,0.043971336133294854,brute,10,2,distance,"{'algorithm': 'brute', 'n_neighbors': 10, 'p': 2, 'weights': 'distance'}",-32127752.54989629,-31569473.460175667,-32022893.91237998,-30966392.266153846,-34797540.98521596,-32296810.63476435,1315773.209455625,31,-5668.134838718667,-5618.6718590940745,-5658.87744277785,-5564.745480806274,-5898.944056796603,-5681.874735638694,114.49944661470488,31,-4366.529217558823,-4316.361533633829,-4313.897602416641,-4263.874121444738,-4422.310704696477,-4336.594635950101,53.770122945567245,39,-0.17823663953424965,-0.1812566129882405,-0.17251614486072683,-0.1728299393285594,-0.18630918717364936,-0.17822970477708516,0.005220009406560809,39
0.0563086986541748,0.006992866056174069,13.668782329559326,0.4283730731601301,brute,20,1,uniform,"{'algorithm': 'brute', 'n_neighbors': 20, 'p': 1, 'weights': 'uniform'}",-35069851.78263957,-34335425.124135084,-34271102.43533007,-33079093.670741647,-36422004.69015994,-34635495.54060127,1097769.7078134723,61,-5921.980393638565,-5859.643771095226,-5854.152580462015,-5751.442746888962,-6035.064597016335,-5884.456817820221,93.07792332441224,61,-4647.747860635697,-4557.00511409943,-4582.216951915239,-4513.927180114099,-4669.37858598207,-4594.055138549307,57.42798418143613,57,-0.19116360885248776,-0.1928529033677705,-0.1849540269462918,-0.18351913227984884,-0.19905246522907044,-0.19030842733509384,0.005628996771550587,57
0.05245661735534668,0.010453364676526819,13.367821550369262,0.8063699409066479,brute,20,1,distance,"{'algorithm': 'brute', 'n_neighbors': 20, 'p': 1, 'weights': 'distance'}",-33059675.94266881,-32231783.7066918,-32391219.94657224,-31039302.316083625,-34380155.95907699,-32620427.574218698,1094816.9154623388,37,-5749.754424553174,-5677.304264058058,-5691.328486967893,-5571.292697039316,-5863.459384960127,-5710.627851515714,95.69281954105624,37,-4496.160942361047,-4400.483938951416,-4432.424416027381,-4358.662365642747,-4509.283364223629,-4439.403005441244,56.898459221080344,49,-0.18420462376262076,-0.18595547534920928,-0.17824367673373864,-0.17693802180063012,-0.19160820579876667,-0.18339000068899308,0.0053459676025751175,49
0.0576897144317627,0.0028542695144820685,1.060587215423584,0.037423096613436374,brute,20,2,uniform,"{'algorithm': 'brute', 'n_neighbors': 20, 'p': 2, 'weights': 'uniform'}",-35299496.997560106,-35235216.939499795,-34954871.583042994,-33923692.160809904,-36957330.15505604,-35274121.56719376,975800.0580838394,65,-5941.337980418224,-5935.925954684728,-5912.264505504046,-5824.4048761062195,-6079.254078836978,-5938.637479110039,81.89297224626954,65,-4671.769824775876,-4593.435717196414,-4628.4463528932365,-4571.135635696822,-4678.357885085575,-4628.629083129584,42.13829666115937,65,-0.192388901726998,-0.19588999344198274,-0.18734561783070247,-0.18645085372483344,-0.20008512500606046,-0.1924320983461154,0.005141503530156254,65
0.060204362869262694,0.0047851992811859465,1.0834049224853515,0.03705708864360375,brute,20,2,distance,"{'algorithm': 'brute', 'n_neighbors': 20, 'p': 2, 'weights': 'distance'}",-34344516.92104264,-34175461.71334273,-34015801.32884383,-32913098.68106002,-36041754.82817737,-34298126.694493316,1005529.5151688592,55,-5860.4195174955385,-5845.978251186258,-5832.306690225046,-5736.99387145045,-6003.4785606494315,-5855.8353782013455,85.54950554406291,55,-4599.082925973655,-4516.622123187904,-4555.463713001564,-4494.733152154719,-4607.973872734731,-4554.775157410515,44.39471182814997,55,-0.18911262468783577,-0.1924125412882522,-0.18416584176889,-0.18322003184482563,-0.19682576410317715,-0.18914736073859614,0.0050905647605104165,55
0.05186309814453125,0.00520150334358248,13.365234613418579,0.5223620175322429,brute,30,1,uniform,"{'algorithm': 'brute', 'n_neighbors': 30, 'p': 1, 'weights': 'uniform'}",-36353621.462846145,-35926395.90862446,-36035797.82719958,-34772220.383611344,-37828239.2889147,-36183254.974239245,981196.916191501,73,-6029.396442667055,-5993.863187346243,-6002.982411035333,-5896.79746842397,-6150.466591155073,-6014.701220125535,81.3892306122139,73,-4776.3123336049985,-4700.709481119261,-4747.459508285791,-4660.387856560717,-4809.201100244499,-4738.814055963054,52.986466293529,73,-0.19674555186189863,-0.199512220805012,-0.192098788800036,-0.1900751678546739,-0.20636543196930698,-0.19695943225818552,0.005762885665342496,73
0.04729008674621582,0.002696060172808039,13.708346891403199,0.6116524134181384,brute,30,1,distance,"{'algorithm': 'brute', 'n_neighbors': 30, 'p': 1, 'weights': 'distance'}",-34565024.89034728,-33985688.75524415,-34256500.05644363,-32856862.59022364,-35966145.618052594,-34326044.382062264,1002618.2973634407,57,-5879.202742748993,-5829.724586568747,-5852.9052663137845,-5732.090595081662,-5997.1781379289205,-5858.2202657284215,85.43828340435878,57,-4645.070577052814,-4561.702860934791,-4610.469555777877,-4520.746572975872,-4669.334808212557,-4601.464874990782,54.19470713250018,61,-0.19082097626068462,-0.19337013417874838,-0.1860279324101211,-0.18414655916789402,-0.1998243746774972,-0.19083799533898907,0.005569184029638789,61
0.04840087890625,0.0026417042545004953,1.0149797439575194,0.0740930794815789,brute,30,2,uniform,"{'algorithm': 'brute', 'n_neighbors': 30, 'p': 2, 'weights': 'uniform'}",-37007669.899698906,-36217352.258112825,-36437746.815693654,-35343614.19825228,-37953012.19780812,-36591879.07391316,865766.4442975002,77,-6083.392959500389,-6018.0854312740385,-6036.368677913374,-5945.04955389375,-6160.601610054664,-6048.699646527243,71.49587410725505,77,-4811.978117359414,-4721.260690029883,-4777.404659060039,-4693.873757131214,-4815.142637870144,-4763.931972290139,48.66511986002589,77,-0.19919860372014472,-0.20165916117844015,-0.19510486454670306,-0.19263519991089192,-0.2069223534450145,-0.1991040365602389,0.005010048064895604,77
0.061748600006103514,0.010307211741747521,1.1287984371185302,0.05011631695501883,brute,30,2,distance,"{'algorithm': 'brute', 'n_neighbors': 30, 'p': 2, 'weights': 'distance'}",-36116975.63958516,-35295686.576649345,-35581089.47563628,-34427946.88274398,-37126587.09535596,-35709657.13399415,894905.7284077964,71,-6009.7400642278335,-5941.017301493856,-5964.988640025753,-5867.533287740597,-6093.159040707535,-5975.2876668391145,74.79593915790599,71,-4747.403558333864,-4652.99308181744,-4710.585275001285,-4626.09816665497,-4748.834486345951,-4697.1829136307015,49.75018371213474,71,-0.196289456989177,-0.1986068322645889,-0.19212961399090733,-0.1897110122199652,-0.2038881505561684,-0.19612501320416137,0.004971023891549886,71
0.05164351463317871,0.0043659436686517075,13.295903539657592,0.21429019119570586,brute,50,1,uniform,"{'algorithm': 'brute', 'n_neighbors': 50, 'p': 1, 'weights': 'uniform'}",-39212619.29486634,-38253067.56714018,-38358117.6850396,-37248448.7250978,-39805579.6442652,-38575566.58328183,875362.7517545985,89,-6261.998027376433,-6184.906431559024,-6193.393067216031,-6103.150721151969,-6309.166319274298,-6210.522913315552,70.51047060077225,89,-5004.827147514263,-4904.692151589243,-4955.45597392013,-4881.526218418908,-5005.715639771801,-4950.4434262428695,50.755281554951345,89,-0.2061346939957438,-0.20852051749890604,-0.20100399911950956,-0.1991809003468006,-0.2145847167396246,-0.20588496554011693,0.005503862147214337,89
0.05311260223388672,0.008247854785298001,13.577126693725585,0.46197967285867875,brute,50,1,distance,"{'algorithm': 'brute', 'n_neighbors': 50, 'p': 1, 'weights': 'distance'}",-37507134.715697944,-36527914.64773965,-36726016.16974198,-35516164.03565226,-38166145.057809874,-36888674.92532834,900534.7791863019,81,-6124.306876349187,-6043.83277794312,-6060.199350660173,-5959.543945274022,-6177.875448551053,-6073.1516797555105,74.1862521708366,81,-4885.1929819676425,-4782.213788292734,-4836.2644877370185,-4752.735887217909,-4883.634621348211,-4828.008353312703,53.283418702170295,81,-0.2009117919108501,-0.20317292353512856,-0.19578400554660313,-0.1937478042687396,-0.20903445374655516,-0.20053019580157533,0.005440205611925569,81
0.047376489639282225,0.0034751630266786106,0.9675876140594483,0.03636775026934902,brute,50,2,uniform,"{'algorithm': 'brute', 'n_neighbors': 50, 'p': 2, 'weights': 'uniform'}",-39327993.10119348,-38425878.27659365,-38413352.27074132,-37619961.762882315,-39825905.27259054,-38722618.13680027,772434.1202977649,93,-6271.203481086663,-6198.86104672412,-6197.850617007586,-6133.511373013203,-6310.776915134185,-6222.440686593151,62.04867952188361,93,-5004.571719641402,-4910.334995925021,-4954.8369030154845,-4895.978818255909,-5012.5001548492255,-4955.644518337408,47.41315273332428,93,-0.20762189110276835,-0.2107168556095721,-0.203249254558971,-0.20256809029169712,-0.2157155066705831,-0.2079743196467183,0.004881090899525041,93
0.04810175895690918,0.0026989430526624574,1.0023938179016114,0.057508483078975256,brute,50,2,distance,"{'algorithm': 'brute', 'n_neighbors': 50, 'p': 2, 'weights': 'distance'}",-38497262.93189442,-37597276.4590137,-37633973.99491254,-36790188.224190116,-39067237.39645466,-37917187.80129309,788895.7601999504,87,-6204.616259841895,-6131.661802400203,-6134.653535034602,-6065.4915896562015,-6250.378980226292,-6157.360433431839,64.0335388774418,87,-4945.111662232617,-4851.4990817017315,-4897.7362032924875,-4834.629722545832,-4954.544046468301,-4896.704143248195,48.13842278601763,87,-0.20499375326836386,-0.2080683841976782,-0.20069768478849917,-0.19985872702868812,-0.21308233807431792,-0.20534017747150943,0.004880639501906021,87
0.049619293212890624,0.005910003364735254,13.080799961090088,0.4023796116961773,brute,100,1,uniform,"{'algorithm': 'brute', 'n_neighbors': 100, 'p': 1, 'weights': 'uniform'}",-43608346.931555666,-42414644.8309657,-42901042.63983554,-41228079.17860264,-43805417.737726,-42791506.263737105,926668.4586646884,109,-6603.661630607346,-6512.652672372887,-6549.888750187711,-6420.909528922101,-6618.566139106416,-6541.135744239292,71.059405937518,109,-5357.323317033415,-5261.05642216789,-5316.873390383048,-5219.198276283619,-5357.1063243683775,-5302.31154604727,54.49882722749052,109,-0.220968377992632,-0.223868704560163,-0.2161745767401371,-0.21418345240221456,-0.22914795492620268,-0.22086861332426988,0.005371840537119169,105
0.04604063034057617,0.002723839539550203,14.837578392028808,0.2746126383356152,brute,100,1,distance,"{'algorithm': 'brute', 'n_neighbors': 100, 'p': 1, 'weights': 'distance'}",-42001772.30551291,-40814286.688485414,-41300330.20838366,-39650299.30534486,-42288088.32800926,-41210955.36714722,936652.3465511972,97,-6480.877433304298,-6388.606005106702,-6426.53329629464,-6296.8483628990825,-6502.92921136385,-6419.158861793715,73.1770059680077,97,-5248.646862698923,-5148.298385276741,-5206.02828839046,-5106.786509232154,-5248.904414319638,-5191.732891983583,56.23981810542663,97,-0.21633870956694867,-0.21903059514066592,-0.21142767446182908,-0.20936928792142437,-0.22438644232974522,-0.21611054188412265,0.005374812591761032,97
0.0653151035308838,0.01488288047485507,1.5872758865356444,0.28566335445372426,brute,100,2,uniform,"{'algorithm': 'brute', 'n_neighbors': 100, 'p': 2, 'weights': 'uniform'}",-43046223.67089234,-42382601.309198245,-42643943.831021234,-40677874.937321074,-43571173.59852437,-42464363.46939145,979190.0110176164,105,-6560.962099486046,-6510.192110007065,-6530.233061003354,-6377.920894564393,-6600.846430460594,-6516.030919104291,75.52834347678379,105,-5302.3065851670735,-5248.646303993481,-5277.960696821517,-5168.076010594947,-5337.443822330889,-5266.886683781582,57.361613592441614,105,-0.22114046903852885,-0.22678287359291482,-0.21803018227067042,-0.21572559660486146,-0.23065592405575897,-0.2224670091125469,0.005524070921912798,109
0.07331466674804688,0.021424446362774408,1.2930754184722901,0.09924429346942477,brute,100,2,distance,"{'algorithm': 'brute', 'n_neighbors': 100, 'p': 2, 'weights': 'distance'}",-42278268.808576055,-41598342.30608242,-41859189.33994811,-39943467.55612701,-42838913.94609737,-41703636.3913662,974939.5298109902,103,-6502.17416012337,-6449.677690092926,-6469.867799263607,-6320.08445799002,-6545.1443029239135,-6457.389682078767,75.86095931944458,103,-5248.869182220523,-5191.7462264675705,-5224.4073209773915,-5114.615042487524,-5283.1344412554945,-5212.5544426817005,57.38622692380247,103,-0.21880061258050837,-0.2242363730258157,-0.21562408133666777,-0.21331337299934408,-0.22819855521443205,-0.2200345990313536,0.005485532855231691,103
